feature,importance
academic_performance,0.19431818181818178
social_support,0.11204545454545452
depression,0.08590909090909087
sleep_quality,0.08340909090909085
anxiety_level,0.07068181818181814
